,adGroupId,adGroupName,attributedConversions14d,attributedConversions14dSameSKU,attributedConversions1d,attributedConversions1dSameSKU,attributedConversions30d,attributedConversions30dSameSKU,attributedConversions7d,attributedConversions7dSameSKU,attributedSales14d,attributedSales14dSameSKU,attributedSales1d,attributedSales1dSameSKU,attributedSales30d,attributedSales30dSameSKU,attributedSales7d,attributedSales7dSameSKU,attributedUnitsOrdered14d,attributedUnitsOrdered1d,attributedUnitsOrdered30d,attributedUnitsOrdered7d,campaignId,campaignName,clicks,cost,impressions
0,107738979491806,Ad Group 1,0,0,0,0,0,0,0,0,0.0,0.0,0.0,0.0,0.0,0.0,0.0,0.0,0,0,0,0,68300183683763,Test,0,0.0,0
1,46240070597498,Ad Group 1,0,0,0,0,0,0,0,0,0.0,0.0,0.0,0.0,0.0,0.0,0.0,0.0,0,0,0,0,106810506927584,first blood,0,0.0,0
2,221081040070778,Manual,0,0,0,0,0,0,0,0,0.0,0.0,0.0,0.0,0.0,0.0,0.0,0.0,0,0,0,0,60605358192329,Manual Lightning,0,0.0,0
3,260563022891161,Ad Group 1,0,0,0,0,0,0,0,0,0.0,0.0,0.0,0.0,0.0,0.0,0.0,0.0,0,0,0,0,155863437166744,Superfly Lightning,0,0.0,0
4,157253884615720,Ad Group 1,0,0,0,0,0,0,0,0,0.0,0.0,0.0,0.0,0.0,0.0,0.0,0.0,0,0,0,0,161678115463443,The Ultimate Manual Campaign,0,0.0,0
5,101200892867376,Ad Group 1,0,0,0,0,0,0,0,0,0.0,0.0,0.0,0.0,0.0,0.0,0.0,0.0,0,0,0,0,138039218212413,Manual 2 Superfly Lightning,0,0.0,0
6,132773845984951,Ad Group 1,0,0,0,0,0,0,0,0,0.0,0.0,0.0,0.0,0.0,0.0,0.0,0.0,0,0,0,0,208077248910211,Manual - 1st Lightning,0,0.0,0
7,135041803802207,Ad Group 1,0,0,0,0,0,0,0,0,0.0,0.0,0.0,0.0,0.0,0.0,0.0,0.0,0,0,0,0,220960574767492,Boom Shakalaka,0,0.0,0
8,5911516908486,广告组 1,0,0,0,0,0,0,0,0,0.0,0.0,0.0,0.0,0.0,0.0,0.0,0.0,0,0,0,0,21239270175585,qwe,0,0.0,0
9,238124916527065,Ad Group 1,0,0,0,0,0,0,0,0,0.0,0.0,0.0,0.0,0.0,0.0,0.0,0.0,0,0,0,0,218056837233524,xsuperfly plus type c 6ft red,0,0.0,0
10,102780898118332,Ad Group Type-C Plus,0,0,0,0,0,0,0,0,0.0,0.0,0.0,0.0,0.0,0.0,0.0,0.0,0,0,0,0,225185986192028,xSuperfly Plus Type-C 6ft blue,0,0.0,0
11,56095296220583,xSuperfly Plus type c 金属头,0,0,0,0,0,0,0,0,0.0,0.0,0.0,0.0,0.0,0.0,0.0,0.0,0,0,0,0,244889089683724,自动,0,0.0,0
12,111331890299671,广告组 1,0,0,0,0,0,0,0,0,0.0,0.0,0.0,0.0,0.0,0.0,0.0,0.0,0,0,0,0,94362250450342,Ad group2,0,0.0,0
13,187134168701270,xSuperfly Type-C 塑料头,0,0,0,0,0,0,0,0,0.0,0.0,0.0,0.0,0.0,0.0,0.0,0.0,0,0,0,0,244889089683724,自动,0,0.0,0
14,9695827044606,xSuperfly Type-C,0,0,0,0,0,0,0,0,0.0,0.0,0.0,0.0,0.0,0.0,0.0,0.0,0,0,0,0,161216724945618,手动,0,0.0,0
15,211508246191129,xsuperfly plus type c,0,0,0,0,0,0,0,0,0.0,0.0,0.0,0.0,0.0,0.0,0.0,0.0,0,0,0,0,161216724945618,手动,0,0.0,0
16,17424718667135,自动-Type C金属头-red-3ft,0,0,0,0,0,0,0,0,0.0,0.0,0.0,0.0,0.0,0.0,0.0,0.0,0,0,0,0,60048273766767,自动-Type C-金属头,0,0.0,0
17,62422321707800,自动-Type C塑料头-red-3ft,0,0,0,0,0,0,0,0,0.0,0.0,0.0,0.0,0.0,0.0,0.0,0.0,0,0,0,0,263420599147843,自动-Type C-塑料头,0,0.0,0
18,186972861728222,(B07BBNF19N)lightning 6ft blue,0,0,0,0,0,0,0,0,0.0,0.0,0.0,0.0,0.0,0.0,0.0,0.0,0,0,0,0,163882395108605,lightning auto,0,0.0,0
19,60632922368340,自动-Type C塑料头-red-6ft,0,0,0,0,0,0,0,0,0.0,0.0,0.0,0.0,0.0,0.0,0.0,0.0,0,0,0,0,263420599147843,自动-Type C-塑料头,0,0.0,0
20,117101713526044,xsuperfly lightning 苹果塑料头,0,0,0,0,0,0,0,0,0.0,0.0,0.0,0.0,0.0,0.0,0.0,0.0,0,0,0,0,244889089683724,自动,0,0.0,0
21,269662119715382,自动-Type C金属头-blue-3ft,0,0,0,0,0,0,0,0,0.0,0.0,0.0,0.0,0.0,0.0,0.0,0.0,0,0,0,0,60048273766767,自动-Type C-金属头,0,0.0,0
22,67019745861105,自动-Type C塑料头-black-6ft,0,0,0,0,0,0,0,0,0.0,0.0,0.0,0.0,0.0,0.0,0.0,0.0,0,0,0,0,263420599147843,自动-Type C-塑料头,0,0.0,0
23,85970276263606,手动-金属头-Red-6ft,0,0,0,0,0,0,0,0,0.0,0.0,0.0,0.0,0.0,0.0,0.0,0.0,0,0,0,0,118678522301649,手动-苹果-金属头,0,0.0,0
24,118746523554936,自动-苹果塑料头-red-6ft,0,0,0,0,0,0,0,0,0.0,0.0,0.0,0.0,0.0,0.0,0.0,0.0,0,0,0,0,66640352282605,自动-苹果-塑料头,0,0.0,0
25,175274087950444,自动-Type C塑料头-black-3ft,0,0,0,0,0,0,0,0,0.0,0.0,0.0,0.0,0.0,0.0,0.0,0.0,0,0,0,0,263420599147843,自动-Type C-塑料头,0,0.0,0
26,271070572405777,xsuperfly plus lightning 苹果金属头,0,0,0,0,0,0,0,0,0.0,0.0,0.0,0.0,0.0,0.0,0.0,0.0,0,0,0,0,244889089683724,自动,0,0.0,0
27,19987422400587,手动精准-苹果金属-6ft-蓝色,0,0,0,0,0,0,0,0,0.0,0.0,0.0,0.0,0.0,0.0,0.0,0.0,0,0,0,0,118678522301649,手动-苹果-金属头,0,0.0,0
28,132753778863645,自动-苹果金属头-blue-3ft,0,0,0,0,0,0,0,0,0.0,0.0,0.0,0.0,0.0,0.0,0.0,0.0,0,0,0,0,163882395108605,lightning auto,0,0.0,0
29,201683984754953,自动-苹果塑料头-black-6ft,0,0,0,0,0,0,0,0,0.0,0.0,0.0,0.0,0.0,0.0,0.0,0.0,0,0,0,0,66640352282605,自动-苹果-塑料头,0,0.0,0
30,152258914426013,自动-Type C金属头-blue-6ft,0,0,0,0,0,0,0,0,0.0,0.0,0.0,0.0,0.0,0.0,0.0,0.0,0,0,0,0,60048273766767,自动-Type C-金属头,0,0.0,0
31,53336948436584,手动-type c-金属头-blue-6ft,0,0,0,0,0,0,0,0,0.0,0.0,0.0,0.0,0.0,0.0,0.0,0.0,0,0,0,0,197630616114606,手动-type c-金属头,0,0.0,0
32,253529765204004,ignite ad campaign,0,0,0,0,0,0,0,0,0.0,0.0,0.0,0.0,0.0,0.0,0.0,0.0,0,0,0,0,236170549884416,ignite ad campaign MANUAL,0,0.0,0
33,153606536351737,自动-苹果塑料头-black-3ft,0,0,0,0,0,0,0,0,0.0,0.0,0.0,0.0,0.0,0.0,0.0,0.0,0,0,0,0,66640352282605,自动-苹果-塑料头,0,0.0,0
34,168812183340124,自动-Type C金属头-red-6ft,0,0,0,0,0,0,0,0,0.0,0.0,0.0,0.0,0.0,0.0,0.0,0.0,0,0,0,0,60048273766767,自动-Type C-金属头,0,0.0,0
35,115785831453646,自动-苹果塑料头-red-3ft,0,0,0,0,0,0,0,0,0.0,0.0,0.0,0.0,0.0,0.0,0.0,0.0,0,0,0,0,66640352282605,自动-苹果-塑料头,0,0.0,0
36,104393843857484,手动-苹果-金属头-black-6ft,0,0,0,0,0,0,0,0,0.0,0.0,0.0,0.0,0.0,0.0,0.0,0.0,0,0,0,0,227775677788741,手动-苹果-塑料头,0,0.0,0
37,233437006364505,手动-type c-塑料头-6ft,0,0,0,0,0,0,0,0,0.0,0.0,0.0,0.0,0.0,0.0,0.0,0.0,0,0,0,0,109512855099778,手动-type c-塑料头-test,0,0.0,0
38,251347995801130,(B07BBMDGG6)lightning 6ft red,0,0,0,0,0,0,0,0,0.0,0.0,0.0,0.0,0.0,0.0,0.0,0.0,0,0,0,0,163882395108605,lightning auto,0,0.0,0
39,154127508155637,自动-苹果金属头-red-3ft,0,0,0,0,0,0,0,0,0.0,0.0,0.0,0.0,0.0,0.0,0.0,0.0,0,0,0,0,163882395108605,lightning auto,0,0.0,0
40,103647886360936,手动-type c 金属头 red 6ft,0,0,0,0,0,0,0,0,0.0,0.0,0.0,0.0,0.0,0.0,0.0,0.0,0,0,0,0,197630616114606,手动-type c-金属头,0,0.0,0
41,11951526338803,自动 - Micro B - 红色 - 6ft,0,0,0,0,0,0,0,0,0.0,0.0,0.0,0.0,0.0,0.0,0.0,0.0,0,0,0,0,157495890296470,自动 - micro b - 塑料头,0,0.0,0
42,44556657044537,自动 - Micro B - 黑色 - 6ft,0,0,0,0,0,0,0,0,0.0,0.0,0.0,0.0,0.0,0.0,0.0,0.0,0,0,0,0,157495890296470,自动 - micro b - 塑料头,0,0.0,0
43,255591500699422,Micro B 塑料头 6ft 红色,0,0,0,0,0,0,0,0,0.0,0.0,0.0,0.0,0.0,0.0,0.0,0.0,0,0,0,0,30327910784110,自动 Micro B 塑料头,0,0.0,0
44,81336001046350,type c 6ft,0,0,0,0,0,0,0,0,0.0,0.0,0.0,0.0,0.0,0.0,0.0,0.0,0,0,0,0,97734274882911,母亲节促销-手动广告,0,0.0,0
45,105790526150368,手动广泛-苹果金属-6ft-蓝色,0,0,0,0,0,0,0,0,0.0,0.0,0.0,0.0,0.0,0.0,0.0,0.0,0,0,0,0,118678522301649,手动-苹果-金属头,0,0.0,0
46,140220980262638,手动词组-苹果金属-6ft-蓝色,0,0,0,0,0,0,0,0,0.0,0.0,0.0,0.0,0.0,0.0,0.0,0.0,0,0,0,0,118678522301649,手动-苹果-金属头,0,0.0,0
47,36418119917964,(B07BBJDY5Y)micro 6ft black,0,0,0,0,0,0,0,0,0.0,0.0,0.0,0.0,0.0,0.0,0.0,0.0,0,0,0,0,48275355591164,micro b 6ft auto,0,0.0,0
48,175422984803558,(B07B4L7GPV)手动-typec-金属头-蓝色-6ft,0,0,0,0,0,0,0,0,0.0,0.0,0.0,0.0,0.0,0.0,0.0,0.0,0,0,0,0,182501285727992,type c blue manual,0,0.0,0
49,39768580039074,广告组 2,0,0,0,0,0,0,0,0,0.0,0.0,0.0,0.0,0.0,0.0,0.0,0.0,0,0,0,0,182501285727992,type c blue manual,0,0.0,0
50,178904759352249,6ft usb c cable,0,0,0,0,0,0,0,0,0.0,0.0,0.0,0.0,0.0,0.0,0.0,0.0,0,0,0,0,157057615348077,usb c cable,0,0.0,0
51,275081124213716,3ft usb c cable,0,0,0,0,0,0,0,0,0.0,0.0,0.0,0.0,0.0,0.0,0.0,0.0,0,0,0,0,157057615348077,usb c cable,0,0.0,0
52,19104097444069,new lightning 6ft blue,0,0,0,0,0,0,0,0,0.0,0.0,0.0,0.0,0.0,0.0,0.0,0.0,0,0,0,0,163882395108605,lightning auto,0,0.0,0
53,231131277326905,(B07BBLY7VR)micro-red-6ft,0,0,0,0,0,0,0,0,0.0,0.0,0.0,0.0,0.0,0.0,0.0,0.0,0,0,0,0,48275355591164,micro b 6ft auto,0,0.0,0
54,200113812218926,(B07BBNF19N&B07BBMDGG6)lightning+cable+6ft,0,0,0,0,0,0,0,0,0.0,0.0,0.0,0.0,0.0,0.0,0.0,0.0,0,0,0,0,109119336754127,lightning manual,0,0.0,0
55,267093977268471,micro+black+3ft,0,0,0,0,0,0,0,0,0.0,0.0,0.0,0.0,0.0,0.0,0.0,0.0,0,0,0,0,41095695787234,micro b 6ft manual,0,0.0,0
56,118625796689666,(B07BBLY7VR)micro+red+6ft,0,0,0,0,0,0,0,0,0.0,0.0,0.0,0.0,0.0,0.0,0.0,0.0,0,0,0,0,41095695787234,micro b 6ft manual,0,0.0,0
57,128519424441261,(B07BBJDY5Y)micro+black+6ft,0,0,0,0,0,0,0,0,0.0,0.0,0.0,0.0,0.0,0.0,0.0,0.0,0,0,0,0,41095695787234,micro b 6ft manual,0,0.0,0
58,75214671148813,micro+red+3ft,0,0,0,0,0,0,0,0,0.0,0.0,0.0,0.0,0.0,0.0,0.0,0.0,0,0,0,0,41095695787234,micro b 6ft manual,0,0.0,0
59,47150635311764,(B07BBJDY5Y)Micro USB 6FT BLACK,0,0,0,0,0,0,0,0,0.0,0.0,0.0,0.0,0.0,0.0,0.0,0.0,0,0,0,0,66151653693576,micro usb black 6ft manual,0,0.0,0
60,140575081393510,(B07BBN56LY)type c 6ft black,0,0,0,0,0,0,0,0,0.0,0.0,0.0,0.0,0.0,0.0,0.0,0.0,0,0,0,0,42569182075455,type c 塑料头 6ft,0,0.0,0
61,243330720562760,(B07BBMCVFL)type c red,0,0,0,0,0,0,0,0,0.0,0.0,0.0,0.0,0.0,0.0,0.0,0.0,0,0,0,0,9337278538408,type c 金属头-6ft,0,0.0,0
62,219335947780364,(B07B4L7GPV)type c blue,0,0,0,0,0,0,0,0,0.0,0.0,0.0,0.0,0.0,0.0,0.0,0.0,0,0,0,0,9337278538408,type c 金属头-6ft,0,0.0,0
63,207528021608604,(B07DQK7B68)Teal,0,0,0,0,0,0,0,0,0.0,0.0,0.0,0.0,0.0,0.0,0.0,0.0,0,0,0,0,266220536803884,iphone x case auto,0,0.0,0
64,227106229873389,(B07CZWF59J)screen protector,0,0,0,0,0,0,0,0,0.0,0.0,0.0,0.0,0.0,0.0,0.0,0.0,0,0,0,0,174450195659085,iphone x/xs/xr/xs max protector auto,6,5.31,959
65,156306958116913,(B07DQJP9CB)Black,0,0,0,0,0,0,0,0,0.0,0.0,0.0,0.0,0.0,0.0,0.0,0.0,0,0,0,0,266220536803884,iphone x case auto,0,0.0,0
66,247092658627778,Protector exact,0,0,0,0,0,0,0,0,0.0,0.0,0.0,0.0,0.0,0.0,0.0,0.0,0,0,0,0,176612412977,iphone x/xs/xr/xs max protector manual,1,1.15,471
67,38335778549610,Lightning Cable Blue New,0,0,0,0,0,0,0,0,0.0,0.0,0.0,0.0,0.0,0.0,0.0,0.0,0,0,0,0,230151726409685,lightning blue new auto,0,0.0,0
68,268086649339281,Lightning Cable Blue Broad,0,0,0,0,0,0,0,0,0.0,0.0,0.0,0.0,0.0,0.0,0.0,0.0,0,0,0,0,1523267124044,lightning blue new manual,0,0.0,0
69,10506828721828,type c 3ft red,0,0,0,0,0,0,0,0,0.0,0.0,0.0,0.0,0.0,0.0,0.0,0.0,0,0,0,0,42569182075455,type c 塑料头 6ft,0,0.0,0
70,276678696697784,type c 6ft red,0,0,0,0,0,0,0,0,0.0,0.0,0.0,0.0,0.0,0.0,0.0,0.0,0,0,0,0,42569182075455,type c 塑料头 6ft,0,0.0,0
71,102668463076951,type c 3ft black,0,0,0,0,0,0,0,0,0.0,0.0,0.0,0.0,0.0,0.0,0.0,0.0,0,0,0,0,42569182075455,type c 塑料头 6ft,0,0.0,0
72,12146041423009,(B07BBKTYCF&B07BBMGWG2)lightning 3ft manual,0,0,0,0,0,0,0,0,0.0,0.0,0.0,0.0,0.0,0.0,0.0,0.0,0,0,0,0,109119336754127,lightning manual,0,0.0,0
73,80844273176984,(B07BBNF19N&B07D7M8QXH&B07BBMDGG6)6ft-blue & red broad,0,0,0,0,0,0,0,0,0.0,0.0,0.0,0.0,0.0,0.0,0.0,0.0,0,0,0,0,11157487649763,Lightning Cable Manual New,0,0.0,0
74,151415505691424,(B07BBKTYCF)lightning 3ft red,0,0,0,0,0,0,0,0,0.0,0.0,0.0,0.0,0.0,0.0,0.0,0.0,0,0,0,0,163882395108605,lightning auto,0,0.0,0
75,198263767670500,(B07BBMGWG2)lightning 3ft blue,0,0,0,0,0,0,0,0,0.0,0.0,0.0,0.0,0.0,0.0,0.0,0.0,0,0,0,0,163882395108605,lightning auto,0,0.0,0
76,159971046406176,(B07DQGY5WG)6ft green,0,0,0,0,0,0,0,0,0.0,0.0,0.0,0.0,0.0,0.0,0.0,0.0,0,0,0,0,106873608603962,Lightning 2 Pack Auto,0,0.0,0
77,30808709883804,(B07DQFQ29G)3ft blue,0,0,0,0,0,0,0,0,0.0,0.0,0.0,0.0,0.0,0.0,0.0,0.0,0,0,0,0,106873608603962,Lightning 2 Pack Auto,0,0.0,0
78,204126514138682,(B07DQGV7WN)6ft blue,0,0,0,0,0,0,0,0,0.0,0.0,0.0,0.0,0.0,0.0,0.0,0.0,0,0,0,0,106873608603962,Lightning 2 Pack Auto,0,0.0,0
79,104442184895046,(B07DQFDH67)3ft green,0,0,0,0,0,0,0,0,0.0,0.0,0.0,0.0,0.0,0.0,0.0,0.0,0,0,0,0,106873608603962,Lightning 2 Pack Auto,0,0.0,0
80,93234847267358,(B079HLNHZ6)micro 3ft black,0,0,0,0,0,0,0,0,0.0,0.0,0.0,0.0,0.0,0.0,0.0,0.0,0,0,0,0,48275355591164,micro b 6ft auto,0,0.0,0
81,11645690852803,(B079K3JVX4)micro 3ft red,0,0,0,0,0,0,0,0,0.0,0.0,0.0,0.0,0.0,0.0,0.0,0.0,0,0,0,0,48275355591164,micro b 6ft auto,0,0.0,0
82,30181459496661,(B07DQGV7WN)6ft blue,0,0,0,0,0,0,0,0,0.0,0.0,0.0,0.0,0.0,0.0,0.0,0.0,0,0,0,0,123456362543419,lightning 2 pack manual,0,0.0,0
83,186139506779784,(B07BBLY7VR) micro 6ft red exact,0,0,0,0,0,0,0,0,0.0,0.0,0.0,0.0,0.0,0.0,0.0,0.0,0,0,0,0,66151653693576,micro usb black 6ft manual,0,0.0,0
84,189744576059254,(B07B4L7GPV)type c blue 6ft,0,0,0,0,0,0,0,0,0.0,0.0,0.0,0.0,0.0,0.0,0.0,0.0,0,0,0,0,270329201364135,Type c exact manual,0,0.0,0
85,132891040703980,(B07BBN56LY)type c 6ft black,0,0,0,0,0,0,0,0,0.0,0.0,0.0,0.0,0.0,0.0,0.0,0.0,0,0,0,0,270329201364135,Type c exact manual,0,0.0,0
86,272624196508601,(B07CZWSDLP)black,0,0,0,0,0,0,0,0,0.0,0.0,0.0,0.0,0.0,0.0,0.0,0.0,0,0,0,0,96053032655072,3350 Portable charger auto,0,0.0,0
87,4987925515986,(B079K3JVX4)Red 3ft,0,0,0,0,0,0,0,0,0.0,0.0,0.0,0.0,0.0,0.0,0.0,0.0,0,0,0,0,250922121520684,usb cable,0,0.0,0
88,124059858846369,（B07DQJP9CB）black,0,0,0,0,0,0,0,0,0.0,0.0,0.0,0.0,0.0,0.0,0.0,0.0,0,0,0,0,80941779237222,iPhone x leather case manual,0,0.0,0
89,257807590240914,(B07DQK7B68)teal,0,0,0,0,0,0,0,0,0.0,0.0,0.0,0.0,0.0,0.0,0.0,0.0,0,0,0,0,80941779237222,iPhone x leather case manual,0,0.0,0
90,115795307866139,x leather case exact,1,1,1,1,1,1,1,1,23.99,23.99,23.99,23.99,23.99,23.99,23.99,23.99,1,1,1,1,80941779237222,iPhone x leather case manual,4,4.22,190
91,108156863737244,(B07BBPBP73) 3ft blue,0,0,0,0,0,0,0,0,0.0,0.0,0.0,0.0,0.0,0.0,0.0,0.0,0,0,0,0,9337278538408,type c 金属头-6ft,0,0.0,0
92,194408610997057,(B07BBPBP73) 3ft blue,0,0,0,0,0,0,0,0,0.0,0.0,0.0,0.0,0.0,0.0,0.0,0.0,0,0,0,0,151337184167619,type c cable manual 1 pack,0,0.0,0
93,207589857164494,(B07B4L7GPV) 6ft blue,0,0,0,0,0,0,0,0,0.0,0.0,0.0,0.0,0.0,0.0,0.0,0.0,0,0,0,0,151337184167619,type c cable manual 1 pack,0,0.0,0
94,47013753304055,(B07CZWFNSP)red,0,0,0,0,0,0,0,0,0.0,0.0,0.0,0.0,0.0,0.0,0.0,0.0,0,0,0,0,96053032655072,3350 Portable charger auto,0,0.0,0
95,218647961884893,(B07CZWXL3F&B07CZWFNSP&B07CZWXL3F)all,1,0,1,0,1,0,1,0,23.99,0.0,23.99,0.0,23.99,0.0,23.99,0.0,1,1,1,1,96053032655072,3350 Portable charger auto,3,1.24,199
96,89557061819498,(B07H7X6324) Adapter,0,0,0,0,0,0,0,0,0.0,0.0,0.0,0.0,0.0,0.0,0.0,0.0,0,0,0,0,134358165497751,universal travel adapter,0,0.0,0
97,122649405795579,travel adapter,1,0,1,0,1,0,1,0,29.99,0.0,29.99,0.0,29.99,0.0,29.99,0.0,1,1,1,1,269492915958144,travel adapter manual,9,17.84,2282
98,60339392996648,(B07CZWSDLP) black broad,0,0,0,0,0,0,0,0,0.0,0.0,0.0,0.0,0.0,0.0,0.0,0.0,0,0,0,0,54846112529957,3350 Portable charger manual,0,0.0,0
99,266189838584847,(B07CZWFNSP) red broad,0,0,0,0,0,0,0,0,0.0,0.0,0.0,0.0,0.0,0.0,0.0,0.0,0,0,0,0,54846112529957,3350 Portable charger manual,0,0.0,0
100,207538268036120,3350 broad,1,1,1,1,1,1,1,1,18.99,18.99,18.99,18.99,18.99,18.99,18.99,18.99,1,1,1,1,54846112529957,3350 Portable charger manual,4,4.88,924
101,130765106486790,XCENTZ-Wireless Accessories -  Data Cables/Software,0,0,0,0,0,0,0,0,0.0,0.0,0.0,0.0,0.0,0.0,0.0,0.0,0,0,0,0,268409163288381,Advertise Top Selling Items,0,0.0,0
102,223037109376502,XCENTZ-Wireless Cases -  Bipod/Tripod Cases,0,0,0,0,0,0,0,0,0.0,0.0,0.0,0.0,0.0,0.0,0.0,0.0,0,0,0,0,268409163288381,Advertise Top Selling Items,0,0.0,0
103,242381700840239,XCENTZ-Wireless Cases -  Cases,0,0,0,0,0,0,0,0,0.0,0.0,0.0,0.0,0.0,0.0,0.0,0.0,0,0,0,0,268409163288381,Advertise Top Selling Items,0,0.0,0
104,187051026127434,XCENTZ-Wireless Accessories -  Car Kit,0,0,0,0,0,0,0,0,0.0,0.0,0.0,0.0,0.0,0.0,0.0,0.0,0,0,0,0,75699340976866,Advertise Deals,0,0.0,0
105,113653343574180,XCENTZ-Wireless Accessories -  Data Cables/Software,0,0,0,0,0,0,0,0,0.0,0.0,0.0,0.0,0.0,0.0,0.0,0.0,0,0,0,0,75699340976866,Advertise Deals,0,0.0,0
106,109675651095703,XCENTZ-Wireless Cases -  Cases,0,0,0,0,0,0,0,0,0.0,0.0,0.0,0.0,0.0,0.0,0.0,0.0,0,0,0,0,75699340976866,Advertise Deals,0,0.0,0
107,245825864159345,XCENTZ-Wireless Accessories -  Data Cables/Software,0,0,0,0,0,0,0,0,0.0,0.0,0.0,0.0,0.0,0.0,0.0,0.0,0,0,0,0,151218320942470,Advertise Excess FBA Inventory,0,0.0,0
108,2930084077882,XCENTZ-Others,0,0,0,0,0,0,0,0,0.0,0.0,0.0,0.0,0.0,0.0,0.0,0.0,0,0,0,0,69513836548451,Advertise New Products,0,0.0,0
109,154909559474093,XCENTZ-Wireless Accessories -  Travel/Wall Chargers,0,0,0,0,0,0,0,0,0.0,0.0,0.0,0.0,0.0,0.0,0.0,0.0,0,0,0,0,69513836548451,Advertise New Products,0,0.0,0
110,265817418814965,XCENTZ-Wireless Accessories -  Car Kit,0,0,0,0,0,0,0,0,0.0,0.0,0.0,0.0,0.0,0.0,0.0,0.0,0,0,0,0,99395938164399,Advertise Coupons,0,0.0,0
111,275032376310234,XCENTZ-Wireless Accessories -  Data Cables/Software,0,0,0,0,0,0,0,0,0.0,0.0,0.0,0.0,0.0,0.0,0.0,0.0,0,0,0,0,99395938164399,Advertise Coupons,0,0.0,0
112,208413504075410,(B07HJ1F4Z7) blue,0,0,0,0,0,0,0,0,0.0,0.0,0.0,0.0,0.0,0.0,0.0,0.0,0,0,0,0,104598868781990,type c 10ft manual,0,0.0,0
113,168990526916037,XCENTZ-type c 10ft,0,0,0,0,0,0,0,0,0.0,0.0,0.0,0.0,0.0,0.0,0.0,0.0,0,0,0,0,32520377991508,Advertise Catalog,0,0.0,0
114,192509100581450,XCENTZ-Wireless Accessories -  Batteries,0,0,0,0,0,0,0,0,0.0,0.0,0.0,0.0,0.0,0.0,0.0,0.0,0,0,0,0,32520377991508,Advertise Catalog,0,0.0,0
115,80948204862915,XCENTZ-Wireless Accessories -  Car Kit,0,0,0,0,0,0,0,0,0.0,0.0,0.0,0.0,0.0,0.0,0.0,0.0,0,0,0,0,32520377991508,Advertise Catalog,0,0.0,0
116,54154738729482,XCENTZ-Wireless Accessories -  Data Cables/Software,0,0,0,0,0,0,0,0,0.0,0.0,0.0,0.0,0.0,0.0,0.0,0.0,0,0,0,0,32520377991508,Advertise Catalog,0,0.0,0
117,65182674261396,XCENTZ-Wireless Accessories -  Travel/Wall Chargers,0,0,0,0,0,0,0,0,0.0,0.0,0.0,0.0,0.0,0.0,0.0,0.0,0,0,0,0,32520377991508,Advertise Catalog,0,0.0,0
118,36012183596666,XCENTZ-Wireless Cases -  Bipod/Tripod Cases,0,0,0,0,0,0,0,0,0.0,0.0,0.0,0.0,0.0,0.0,0.0,0.0,0,0,0,0,32520377991508,Advertise Catalog,0,0.0,0
119,212809116890697,XCENTZ-Wireless Cases -  Cases,0,0,0,0,0,0,0,0,0.0,0.0,0.0,0.0,0.0,0.0,0.0,0.0,0,0,0,0,32520377991508,Advertise Catalog,0,0.0,0
120,33588607414918,XCENTZ-Wireless Accessories -  Batteries,0,0,0,0,0,0,0,0,0.0,0.0,0.0,0.0,0.0,0.0,0.0,0.0,0,0,0,0,279950538008192,Advertise Items with Low Traffic,0,0.0,0
121,19930963112853,XCENTZ-Wireless Accessories -  Car Kit,0,0,0,0,0,0,0,0,0.0,0.0,0.0,0.0,0.0,0.0,0.0,0.0,0,0,0,0,279950538008192,Advertise Items with Low Traffic,0,0.0,0
122,166209773586265,XCENTZ-Wireless Accessories -  Data Cables/Software,0,0,0,0,0,0,0,0,0.0,0.0,0.0,0.0,0.0,0.0,0.0,0.0,0,0,0,0,279950538008192,Advertise Items with Low Traffic,0,0.0,0
123,15932458525280,XCENTZ-Wireless Accessories -  Travel/Wall Chargers,0,0,0,0,0,0,0,0,0.0,0.0,0.0,0.0,0.0,0.0,0.0,0.0,0,0,0,0,279950538008192,Advertise Items with Low Traffic,0,0.0,0
124,25653974905047,XCENTZ-Wireless Cases -  Cases,0,0,0,0,0,0,0,0,0.0,0.0,0.0,0.0,0.0,0.0,0.0,0.0,0,0,0,0,279950538008192,Advertise Items with Low Traffic,0,0.0,0
125,213323872090835,travel adapter black,0,0,0,0,0,0,0,0,0.0,0.0,0.0,0.0,0.0,0.0,0.0,0.0,0,0,0,0,151315342121737,travel adapter auto,0,0.0,490
126,273752120066077,B07HJ1F4Z7,0,0,0,0,0,0,0,0,0.0,0.0,0.0,0.0,0.0,0.0,0.0,0.0,0,0,0,0,200556436081846,type c 10ft auto,0,0.0,0
127,8241918127555,type c 商务款,0,0,0,0,0,0,0,0,0.0,0.0,0.0,0.0,0.0,0.0,0.0,0.0,0,0,0,0,9337278538408,type c 金属头-6ft,0,0.0,0
128,131341377973123,type c all,0,0,0,0,0,0,0,0,0.0,0.0,0.0,0.0,0.0,0.0,0.0,0.0,0,0,0,0,244824920152534,type c 3ft manual,0,0.0,0
129,204523548180809,micro 6ft 2 pack,2,0,2,0,2,0,2,0,45.98,0.0,45.98,0.0,45.98,0.0,45.98,0.0,2,2,2,2,216060189431281,micro usb auto,17,20.59,12064
130,229162880126580,type c 2pack 6ft,0,0,0,0,0,0,0,0,0.0,0.0,0.0,0.0,0.0,0.0,0.0,0.0,0,0,0,0,118189475990222,type c cable 10ft auto,0,0.0,0
131,172021059332442,micro usb exact,0,0,0,0,0,0,0,0,0.0,0.0,0.0,0.0,0.0,0.0,0.0,0.0,0,0,0,0,109605675659941,micro usb manual,0,0.0,729
132,249257749689823,3350 black,0,0,0,0,0,0,0,0,0.0,0.0,0.0,0.0,0.0,0.0,0.0,0.0,0,0,0,0,269492915958144,travel adapter manual,0,0.0,0
133,81876660537770,lightning 2 pack 6ft,7,5,7,5,7,5,7,5,207.92,167.94,207.92,167.94,207.92,167.94,207.92,167.94,8,8,8,8,163882395108605,lightning auto,49,100.16,60457
134,207901060164206,3350 red,0,0,0,0,0,0,0,0,0.0,0.0,0.0,0.0,0.0,0.0,0.0,0.0,0,0,0,0,269492915958144,travel adapter manual,0,0.0,0
135,75274715103779,type c 2 pack broad,0,0,0,0,0,0,0,0,0.0,0.0,0.0,0.0,0.0,0.0,0.0,0.0,0,0,0,0,151337184167619,type c cable manual 1 pack,0,0.0,0
136,179949423907253,type c 2 pack 6ft,0,0,0,0,0,0,0,0,0.0,0.0,0.0,0.0,0.0,0.0,0.0,0.0,0,0,0,0,151337184167619,type c cable manual 1 pack,0,0.0,0
137,121360539710319,lightning 6ft,0,0,0,0,0,0,0,0,0.0,0.0,0.0,0.0,0.0,0.0,0.0,0.0,0,0,0,0,109119336754127,lightning manual,0,0.0,0
138,248371600995603,micro usb all,0,0,0,0,0,0,0,0,0.0,0.0,0.0,0.0,0.0,0.0,0.0,0.0,0,0,0,0,79059715848786,micro usb manual,0,0.0,0
139,276289578210144,3350 blue,0,0,0,0,0,0,0,0,0.0,0.0,0.0,0.0,0.0,0.0,0.0,0.0,0,0,0,0,269492915958144,travel adapter manual,0,0.0,0
140,67427596932231,(B07CZWXL3F) blue,0,0,0,0,0,0,0,0,0.0,0.0,0.0,0.0,0.0,0.0,0.0,0.0,0,0,0,0,54846112529957,3350 Portable charger manual,0,0.0,0
141,89727991116615,type c 10 ft,0,0,0,0,0,0,0,0,0.0,0.0,0.0,0.0,0.0,0.0,0.0,0.0,0,0,0,0,151337184167619,type c cable manual 1 pack,0,0.0,0
142,240487898860631,lightning cable 6ft,4,4,4,4,4,4,4,4,71.96,71.96,71.96,71.96,71.96,71.96,71.96,71.96,4,4,4,4,32520377991508,Advertise Catalog,27,43.41,31493
143,68862122480206,lightning cable 3ft,7,2,7,2,7,2,7,2,133.93,33.98,133.93,33.98,133.93,33.98,133.93,33.98,7,7,7,7,163882395108605,lightning auto,65,110.77,79960
144,227067792086336,type c 10 ft,2,2,1,1,2,2,2,2,13.99,13.99,13.99,13.99,13.99,13.99,13.99,13.99,2,1,2,2,118189475990222,type c cable 10ft auto,31,38.16,25925
145,177146118199724,type c 6ft 2 pack,0,0,0,0,0,0,0,0,0.0,0.0,0.0,0.0,0.0,0.0,0.0,0.0,0,0,0,0,118189475990222,type c cable 10ft auto,0,0.0,0
146,100904972551245,type c 6ft,0,0,0,0,0,0,0,0,0.0,0.0,0.0,0.0,0.0,0.0,0.0,0.0,0,0,0,0,118189475990222,type c cable 10ft auto,0,0.0,0
147,29362561376998,lightning  6ft blue,9,7,6,4,9,7,8,6,160.91,125.93,106.94,71.96,160.91,125.93,142.92,107.94,9,6,9,8,163882395108605,lightning auto,29,60.23,22685
148,201211112470437,type c 3.0,0,0,0,0,0,0,0,0,0.0,0.0,0.0,0.0,0.0,0.0,0.0,0.0,0,0,0,0,118189475990222,type c cable 10ft auto,0,0.0,0
149,215045563370143,lightning cable 6ft 1 pack new,0,0,0,0,0,0,0,0,0.0,0.0,0.0,0.0,0.0,0.0,0.0,0.0,0,0,0,0,163882395108605,lightning auto,0,0.0,0
150,27647499492890,lightning 2 pack broad,0,0,0,0,0,0,0,0,0.0,0.0,0.0,0.0,0.0,0.0,0.0,0.0,0,0,0,0,109119336754127,lightning manual,0,0.0,0
151,236306291682681,lightning 6ft 2pack,2,0,1,0,2,0,2,0,53.98,0.0,25.99,0.0,53.98,0.0,53.98,0.0,2,1,2,2,32520377991508,Advertise Catalog,17,31.7,2401
152,409363017627,silicon case,0,0,0,0,0,0,0,0,0.0,0.0,0.0,0.0,0.0,0.0,0.0,0.0,0,0,0,0,80941779237222,iPhone x leather case manual,8,5.99,896
153,260849867448760,lightning 3ft broad,4,2,3,2,4,2,4,2,112.95,68.97,94.96,68.97,112.95,68.97,112.95,68.97,5,4,5,5,109119336754127,lightning manual,6,13.49,4770
154,41175118445090,micro 2 pack 6ft,0,0,0,0,0,0,0,0,0.0,0.0,0.0,0.0,0.0,0.0,0.0,0.0,0,0,0,0,32520377991508,Advertise Catalog,0,0.0,0
155,142955043456652,silicon case,0,0,0,0,0,0,0,0,0.0,0.0,0.0,0.0,0.0,0.0,0.0,0.0,0,0,0,0,266220536803884,iphone x case auto,0,0.0,0
156,116178010529386,type c 6ft 2pack,0,0,0,0,0,0,0,0,0.0,0.0,0.0,0.0,0.0,0.0,0.0,0.0,0,0,0,0,32520377991508,Advertise Catalog,0,0.0,0
157,149167498184702,type c 3.0 6ft,0,0,0,0,0,0,0,0,0.0,0.0,0.0,0.0,0.0,0.0,0.0,0.0,0,0,0,0,151337184167619,type c cable manual 1 pack,0,0.0,0
158,254317854328882,3350 exact low acos,0,0,0,0,0,0,0,0,0.0,0.0,0.0,0.0,0.0,0.0,0.0,0.0,0,0,0,0,54846112529957,3350 Portable charger manual,0,0.0,799
159,260785220895637,lightning 6ft exact,0,0,0,0,0,0,0,0,0.0,0.0,0.0,0.0,0.0,0.0,0.0,0.0,0,0,0,0,153233857527326,lightning 6ft exact,0,0.0,0
160,198304539726216,lightning 6ft exact,0,0,0,0,0,0,0,0,0.0,0.0,0.0,0.0,0.0,0.0,0.0,0.0,0,0,0,0,109119336754127,lightning manual,0,0.0,0
161,196652168544147,lightning 2pack exact,0,0,0,0,0,0,0,0,0.0,0.0,0.0,0.0,0.0,0.0,0.0,0.0,0,0,0,0,109119336754127,lightning manual,0,0.0,0
162,280505020652612,lightning 6ft broad,4,4,3,3,4,4,4,4,101.96,101.96,73.97,73.97,101.96,101.96,101.96,101.96,4,3,4,4,109119336754127,lightning manual,48,94.78,17739
163,227315355054440,lightning 6ft red,0,0,0,0,0,0,0,0,0.0,0.0,0.0,0.0,0.0,0.0,0.0,0.0,0,0,0,0,163882395108605,lightning auto,0,0.0,0
164,190856329192644,lightning 2 pack 3ft,5,1,5,1,5,1,5,1,127.95,25.99,127.95,25.99,127.95,25.99,127.95,25.99,5,5,5,5,163882395108605,lightning auto,58,103.31,72351
165,91259360506380,lightning 6ft broad 2,56,38,48,33,56,38,53,36,1179.43,773.62,1015.51,683.67,1179.43,773.62,1125.46,737.64,57,49,57,54,109119336754127,lightning manual,287,675.11,111246
166,202899315989636,Attr + main keywords  - broad,0,0,0,0,0,0,0,0,0.0,0.0,0.0,0.0,0.0,0.0,0.0,0.0,0,0,0,0,184186402061279,48W 5 Port usb charger Manual,0,0.0,0
167,202894152907658,type c 10ft broad main+len,0,0,0,0,0,0,0,0,0.0,0.0,0.0,0.0,0.0,0.0,0.0,0.0,0,0,0,0,151337184167619,type c cable manual 1 pack,0,0.0,57
168,92730707291698,Auto-20181222,0,0,0,0,0,0,0,0,0.0,0.0,0.0,0.0,0.0,0.0,0.0,0.0,0,0,0,0,207128921638454,Surge Protector Auto,0,0.0,108
169,67751196192008,travel adapter broad,10,10,8,8,10,10,10,10,208.89,208.89,170.91,170.91,208.89,208.89,208.89,208.89,11,9,11,11,269492915958144,travel adapter manual,58,152.28,4443
170,80389395208389,lightning-2-pack-broad-2,15,9,13,9,15,9,15,9,415.85,251.91,361.87,251.91,415.85,251.91,415.85,251.91,15,13,15,15,109119336754127,lightning manual,61,161.4,23521
171,140458418558791,Ad-1-search-term,0,0,0,0,0,0,0,0,0.0,0.0,0.0,0.0,0.0,0.0,0.0,0.0,0,0,0,0,114165613447581,Surge Protector Manual,0,0.0,0
172,275812434281022,type c 10ft broad modify+main+len,0,0,0,0,0,0,0,0,0.0,0.0,0.0,0.0,0.0,0.0,0.0,0.0,0,0,0,0,151337184167619,type c cable manual 1 pack,0,0.0,0
173,78240055387360,type c 3.0 6ft new,0,0,0,0,0,0,0,0,0.0,0.0,0.0,0.0,0.0,0.0,0.0,0.0,0,0,0,0,151337184167619,type c cable manual 1 pack,0,0.0,0
174,26186600024794,Auto,6,5,3,3,6,5,5,4,150.94,132.95,77.97,77.97,150.94,132.95,124.95,106.96,6,3,6,5,194966030509958,48W 5 Port USB Charger Auto,71,111.59,40568
175,116491934183580,ad-2-product-targeting,0,0,0,0,0,0,0,0,0.0,0.0,0.0,0.0,0.0,0.0,0.0,0.0,0,0,0,0,114165613447581,Surge Protector Manual,0,0.0,0
176,270647454839967,1,0,0,0,0,0,0,0,0,0.0,0.0,0.0,0.0,0.0,0.0,0.0,0.0,0,0,0,0,129986902477932,48W Wall Charger Broad,0,0.0,0
177,62473447876527,travel & women exact,0,0,0,0,0,0,0,0,0.0,0.0,0.0,0.0,0.0,0.0,0.0,0.0,0,0,0,0,269492915958144,travel adapter manual,0,0.0,7
178,38510313127875,lightning-ASIN-Alternatives,3,2,2,2,3,2,3,2,53.97,35.98,35.98,35.98,53.97,35.98,53.97,35.98,3,2,3,3,109119336754127,lightning manual,8,17.02,5733
179,219715860603188,lightning-2-pack-broad-1,2,1,2,1,2,1,2,1,53.98,27.99,53.98,27.99,53.98,27.99,53.98,27.99,2,2,2,2,109119336754127,lightning manual,10,22.75,9144
180,266443684843789,x leather case broad,1,1,1,1,1,1,1,1,23.99,23.99,23.99,23.99,23.99,23.99,23.99,23.99,1,1,1,1,80941779237222,iPhone x leather case manual,23,21.52,2284
181,195748181803717,lightning 6ft main keyword exact,0,0,0,0,0,0,0,0,0.0,0.0,0.0,0.0,0.0,0.0,0.0,0.0,0,0,0,0,109119336754127,lightning manual,0,0.0,0
182,81893448059916,Auto,1,1,1,1,1,1,1,1,10.99,10.99,10.99,10.99,10.99,10.99,10.99,10.99,1,1,1,1,562640138560,type c 2 pack  6 ft Auto,24,28.56,12721
183,12851970523497,scrren protector broad,5,5,4,4,5,5,5,5,74.95,74.95,59.96,59.96,74.95,74.95,74.95,74.95,5,4,5,5,176612412977,iphone x/xs/xr/xs max protector manual,16,15.25,2190
184,16847764530188,travel & trip &women,0,0,0,0,0,0,0,0,0.0,0.0,0.0,0.0,0.0,0.0,0.0,0.0,0,0,0,0,269492915958144,travel adapter manual,4,3.59,627
185,249677421004782,model + main keyword  - broad,0,0,0,0,0,0,0,0,0.0,0.0,0.0,0.0,0.0,0.0,0.0,0.0,0,0,0,0,279592197780873,type c 2 pack 3ft  broad,0,0.0,0
186,23515342288201,travel adapter &rank broad,0,0,0,0,0,0,0,0,0.0,0.0,0.0,0.0,0.0,0.0,0.0,0.0,0,0,0,0,269492915958144,travel adapter manual,0,0.0,0
187,12464773453316,ad 3-sponsored high Conversion Rate,0,0,0,0,0,0,0,0,0.0,0.0,0.0,0.0,0.0,0.0,0.0,0.0,0,0,0,0,265911081529562,3350 Portable Charger New Manual,0,0.0,0
188,236225473766924,ad 2-Specification words,0,0,0,0,0,0,0,0,0.0,0.0,0.0,0.0,0.0,0.0,0.0,0.0,0,0,0,0,265911081529562,3350 Portable Charger New Manual,6,5.76,1605
189,81715323682285,Replacement - Broad,0,0,0,0,0,0,0,0,0.0,0.0,0.0,0.0,0.0,0.0,0.0,0.0,0,0,0,0,279592197780873,type c 2 pack 3ft  broad,0,0.0,0
190,123707961788585,order keywords - Exact,0,0,0,0,0,0,0,0,0.0,0.0,0.0,0.0,0.0,0.0,0.0,0.0,0,0,0,0,184186402061279,48W 5 Port usb charger Manual,0,0.0,0
191,253171716800341,ligthning 2 pack exact-1,0,0,0,0,0,0,0,0,0.0,0.0,0.0,0.0,0.0,0.0,0.0,0.0,0,0,0,0,109119336754127,lightning manual,0,0.0,0
192,66111165865176,lightning 3ft main keyword exact,0,0,0,0,0,0,0,0,0.0,0.0,0.0,0.0,0.0,0.0,0.0,0.0,0,0,0,0,109119336754127,lightning manual,0,0.0,0
193,56923039111876,type c product+charger,0,0,0,0,0,0,0,0,0.0,0.0,0.0,0.0,0.0,0.0,0.0,0.0,0,0,0,0,151337184167619,type c cable manual 1 pack,0,0.0,126
194,137366448486853,ad 1-phone model,0,0,0,0,0,0,0,0,0.0,0.0,0.0,0.0,0.0,0.0,0.0,0.0,0,0,0,0,265911081529562,3350 Portable Charger New Manual,0,0.0,0
195,152049609274198,Brand + Main + Adj +Attr Broad,0,0,0,0,0,0,0,0,0.0,0.0,0.0,0.0,0.0,0.0,0.0,0.0,0,0,0,0,184186402061279,48W 5 Port usb charger Manual,0,0.0,0
196,264841317251877,type c 2 pack 6ft,0,0,0,0,0,0,0,0,0.0,0.0,0.0,0.0,0.0,0.0,0.0,0.0,0,0,0,0,118189475990222,type c cable 10ft auto,0,0.0,0
197,252037947532921,Longtail keywrods - broad -2,0,0,0,0,0,0,0,0,0.0,0.0,0.0,0.0,0.0,0.0,0.0,0.0,0,0,0,0,279592197780873,type c 2 pack 3ft  broad,0,0.0,0
198,225118346705502,chargers for / charger cable + model - Broad,0,0,0,0,0,0,0,0,0.0,0.0,0.0,0.0,0.0,0.0,0.0,0.0,0,0,0,0,279592197780873,type c 2 pack 3ft  broad,0,0.0,0
199,99035041671729,kindle replacement broad,0,0,0,0,0,0,0,0,0.0,0.0,0.0,0.0,0.0,0.0,0.0,0.0,0,0,0,0,109605675659941,micro usb manual,0,0.0,0
200,275443182560895,model + 1 /2 main keyword + attri  -2 Broad,0,0,0,0,0,0,0,0,0.0,0.0,0.0,0.0,0.0,0.0,0.0,0.0,0,0,0,0,239466965673944,type c 2 pack 6ft Manual,0,0.0,0
201,25239028870904,TOP ASIN,1,1,0,0,1,1,1,1,25.99,25.99,0.0,0.0,25.99,25.99,25.99,25.99,1,0,1,1,184186402061279,48W 5 Port usb charger Manual,3,4.7,1385
202,75741239249695,Longtail Keywords - Broad,0,0,0,0,0,0,0,0,0.0,0.0,0.0,0.0,0.0,0.0,0.0,0.0,0,0,0,0,279592197780873,type c 2 pack 3ft  broad,0,0.0,0
203,202322067989652,type c 6ft led,0,0,0,0,0,0,0,0,0.0,0.0,0.0,0.0,0.0,0.0,0.0,0.0,0,0,0,0,151337184167619,type c cable manual 1 pack,1,0.93,12
204,123887589487213,lightning 6ft product&charger,0,0,0,0,0,0,0,0,0.0,0.0,0.0,0.0,0.0,0.0,0.0,0.0,0,0,0,0,109119336754127,lightning manual,0,0.0,0
205,77721605874087,adj + model + 1 /2 main keyword  Broad,0,0,0,0,0,0,0,0,0.0,0.0,0.0,0.0,0.0,0.0,0.0,0.0,0,0,0,0,239466965673944,type c 2 pack 6ft Manual,0,0.0,0
206,47727452787745,lightning 6ft ipad keyword broad,1,1,1,1,1,1,1,1,16.99,16.99,16.99,16.99,16.99,16.99,16.99,16.99,1,1,1,1,109119336754127,lightning manual,4,7.36,1855
207,49254880788949,Auto,0,0,0,0,0,0,0,0,0.0,0.0,0.0,0.0,0.0,0.0,0.0,0.0,0,0,0,0,168337767019556,Type c 2 pack 3ft Auto,0,0.0,0
208,182931120258808,fast charge + model  Broad,0,0,0,0,0,0,0,0,0.0,0.0,0.0,0.0,0.0,0.0,0.0,0.0,0,0,0,0,239466965673944,type c 2 pack 6ft Manual,1,1.07,282
209,210664001352651,chargers for + model  Broad,3,3,2,2,3,3,2,2,32.97,32.97,21.98,21.98,32.97,32.97,21.98,21.98,3,2,3,2,239466965673944,type c 2 pack 6ft Manual,10,12.67,2902
210,84335708743940,model + 1 /2 main keyword + attri  -1 Broad,0,0,0,0,0,0,0,0,0.0,0.0,0.0,0.0,0.0,0.0,0.0,0.0,0,0,0,0,239466965673944,type c 2 pack 6ft Manual,0,0.0,0
211,213619287108471,model + 2 main keyword broad,0,0,0,0,0,0,0,0,0.0,0.0,0.0,0.0,0.0,0.0,0.0,0.0,0,0,0,0,239466965673944,type c 2 pack 6ft Manual,1,0.78,60
212,45635087689556,fast charge + model + 1 main keywords  Broad,0,0,0,0,0,0,0,0,0.0,0.0,0.0,0.0,0.0,0.0,0.0,0.0,0,0,0,0,239466965673944,type c 2 pack 6ft Manual,1,1.8900000000000001,194
213,193430267653106,Bought Together ASIN,0,0,0,0,0,0,0,0,0.0,0.0,0.0,0.0,0.0,0.0,0.0,0.0,0,0,0,0,184186402061279,48W 5 Port usb charger Manual,0,0.0,0
214,245121686544739,iphone xs leather case,0,0,0,0,0,0,0,0,0.0,0.0,0.0,0.0,0.0,0.0,0.0,0.0,0,0,0,0,5645563794769,iphone x leather case auto,0,0.0,231
215,111942443126376,iphone xs leather case,4,3,3,3,4,3,4,3,95.96,71.97,71.97,71.97,95.96,71.97,95.96,71.97,4,3,4,4,80941779237222,iPhone x leather case manual,45,49.36,4384
216,28005467161127,Ad1-20190213,23,20,17,15,23,20,21,18,717.74,627.77,555.8,497.82,717.74,627.77,665.76,575.79,26,20,26,24,202081842550767,10000 PD Auto,201,389.42,176748
217,69869087130695,iphone xr leather case,11,7,10,6,11,7,11,7,263.89,167.93,239.9,143.94,263.89,167.93,263.89,167.93,11,10,11,11,80941779237222,iPhone x leather case manual,93,98.8,5476
218,42080402943196,USB C ASIN,0,0,0,0,0,0,0,0,0.0,0.0,0.0,0.0,0.0,0.0,0.0,0.0,0,0,0,0,184186402061279,48W 5 Port usb charger Manual,13,24.75,3865
219,20219386525681,iphone xs max leather case,1,1,1,1,1,1,1,1,23.99,23.99,23.99,23.99,23.99,23.99,23.99,23.99,1,1,1,1,80941779237222,iPhone x leather case manual,32,44.23,3158
220,263727142147800,iphone xs max leather case,0,0,0,0,0,0,0,0,0.0,0.0,0.0,0.0,0.0,0.0,0.0,0.0,0,0,0,0,5645563794769,iphone x leather case auto,0,0.0,301
221,150594107761078,iphone xr leather case,0,0,0,0,0,0,0,0,0.0,0.0,0.0,0.0,0.0,0.0,0.0,0.0,0,0,0,0,5645563794769,iphone x leather case auto,4,1.07,736
222,280010434113849,lightning 6ft red old,0,0,0,0,0,0,0,0,0.0,0.0,0.0,0.0,0.0,0.0,0.0,0.0,0,0,0,0,89110420379352,lightning  1 pack exact,0,0.0,0
223,249373086739026,travel adapter blue,0,0,0,0,0,0,0,0,0.0,0.0,0.0,0.0,0.0,0.0,0.0,0.0,0,0,0,0,151315342121737,travel adapter auto,0,0.0,78
224,273736300801753,pd travel adapter,8,3,7,3,8,3,8,3,231.92,89.97,199.93,89.97,231.92,89.97,231.92,89.97,8,7,8,8,73802224836991,PD travel adapter auto,16,20.41,7134
225,199840211439292,lightning 2 pack 6 ft blue,46,32,41,27,46,32,44,30,1222.54,895.68,1110.58,783.72,1222.54,895.68,1166.56,839.7,47,42,47,45,156400894528966,lightning 2 pack exact,198,633.28,117255
226,37072191520327,silicon case,0,0,0,0,0,0,0,0,0.0,0.0,0.0,0.0,0.0,0.0,0.0,0.0,0,0,0,0,5645563794769,iphone x leather case auto,1,0.29,443
227,236090549116086,lightning 6ft red,0,0,0,0,0,0,0,0,0.0,0.0,0.0,0.0,0.0,0.0,0.0,0.0,0,0,0,0,89110420379352,lightning  1 pack exact,0,0.0,0
228,152310076754501,Ad1-iPhone Charger,0,0,0,0,0,0,0,0,0.0,0.0,0.0,0.0,0.0,0.0,0.0,0.0,0,0,0,0,244826623773303,Lightning 2 Pack Exact,0,0.0,0
229,72239262629047,Ad1-iPhone Keywords,6,4,6,4,6,4,6,4,167.94,109.96,167.94,109.96,167.94,109.96,167.94,109.96,6,6,6,6,192520205291280,10000 PD Manual,51,124.02,10080
230,254391803387637,micro usb old,0,0,0,0,0,0,0,0,0.0,0.0,0.0,0.0,0.0,0.0,0.0,0.0,0,0,0,0,216060189431281,micro usb auto,1,0.64,1277
231,21481235601520,model + main keywords,0,0,0,0,0,0,0,0,0.0,0.0,0.0,0.0,0.0,0.0,0.0,0.0,0,0,0,0,184186402061279,48W 5 Port usb charger Manual,1,1.43,903
232,194341928778315,3350 exact large search volume,0,0,0,0,0,0,0,0,0.0,0.0,0.0,0.0,0.0,0.0,0.0,0.0,0,0,0,0,54846112529957,3350 Portable charger manual,1,1.27,1914
233,13261120438814,Ad3-Main keywords,24,9,22,8,24,9,24,9,719.75,245.91,629.78,219.92,719.75,245.91,719.75,245.91,25,22,25,25,192520205291280,10000 PD Manual,215,500.27,52088
234,61738671876844,Main Keywords - Exact,0,0,0,0,0,0,0,0,0.0,0.0,0.0,0.0,0.0,0.0,0.0,0.0,0,0,0,0,184186402061279,48W 5 Port usb charger Manual,0,0.0,0
235,221023311503296,Ad2-samsung & others,1,0,0,0,1,0,1,0,31.99,0.0,0.0,0.0,31.99,0.0,31.99,0.0,1,0,1,1,192520205291280,10000 PD Manual,6,15.65,511
236,65985970671166,iPhone x leather case,0,0,0,0,0,0,0,0,0.0,0.0,0.0,0.0,0.0,0.0,0.0,0.0,0,0,0,0,5645563794769,iphone x leather case auto,0,0.0,59
237,3613915472713,brand + 2/3 main keyword,0,0,0,0,0,0,0,0,0.0,0.0,0.0,0.0,0.0,0.0,0.0,0.0,0,0,0,0,184186402061279,48W 5 Port usb charger Manual,0,0.0,150
238,234331252234007,Lightning 6ft  blue,33,22,26,16,33,22,31,21,613.67,395.78,487.74,287.84,613.67,395.78,577.69,377.79,33,26,33,31,89110420379352,lightning  1 pack exact,185,438.31,81064
239,122249836436961,C + main keywords,7,7,7,7,7,7,7,7,181.93,181.93,181.93,181.93,181.93,181.93,181.93,181.93,7,7,7,7,184186402061279,48W 5 Port usb charger Manual,37,57.71,15306
240,212125992937488,Related Exact,1,1,1,1,1,1,1,1,25.99,25.99,25.99,25.99,25.99,25.99,25.99,25.99,1,1,1,1,184186402061279,48W 5 Port usb charger Manual,37,83.34,14645
241,110365893578131,lightning 3ft 2pack blue fixed,2,0,2,0,2,0,2,0,34.98,0.0,34.98,0.0,34.98,0.0,34.98,0.0,2,2,2,2,104274635796354,lightning cable fixed,4,9.81,5524
242,14255302692431,desktop + main keywords,2,1,2,1,2,1,2,1,55.98,25.99,55.98,25.99,55.98,25.99,55.98,25.99,2,2,2,2,184186402061279,48W 5 Port usb charger Manual,3,5.16,927
243,236653546158771,Ad2-Lightning Cable,0,0,0,0,0,0,0,0,0.0,0.0,0.0,0.0,0.0,0.0,0.0,0.0,0,0,0,0,244826623773303,Lightning 2 Pack Exact,0,0.0,0
244,216226507700629,Lightning 2 Pack-3,2,1,2,1,2,1,2,1,55.98,27.99,55.98,27.99,55.98,27.99,55.98,27.99,2,2,2,2,109119336754127,lightning manual,21,39.17,12460
245,141188503102381,power strip broad large search volume,0,0,0,0,0,0,0,0,0.0,0.0,0.0,0.0,0.0,0.0,0.0,0.0,0,0,0,0,114165613447581,Surge Protector Manual,0,0.0,0
246,42542371715341,lightning 2 pack 6ft red,5,2,5,2,5,2,5,2,127.95,55.98,127.95,55.98,127.95,55.98,127.95,55.98,5,5,5,5,156400894528966,lightning 2 pack exact,32,80.6,8969
247,113136472292521,Auto,1,0,0,0,1,0,1,0,27.99,0.0,0.0,0.0,27.99,0.0,27.99,0.0,1,0,1,1,171308506994901,Type C LED Auto,7,7.54,7511
248,105159312379300,"exact (product) + phrase (pd,hp)",0,0,0,0,0,0,0,0,0.0,0.0,0.0,0.0,0.0,0.0,0.0,0.0,0,0,0,0,152725126983161,PD travel adapter manual,0,0.0,118
249,274841415296211,Anker compare keywords,0,0,0,0,0,0,0,0,0.0,0.0,0.0,0.0,0.0,0.0,0.0,0.0,0,0,0,0,184186402061279,48W 5 Port usb charger Manual,15,20.94,6349
250,2695905369861,3 pack screen protector broad,0,0,0,0,0,0,0,0,0.0,0.0,0.0,0.0,0.0,0.0,0.0,0.0,0,0,0,0,176612412977,iphone x/xs/xr/xs max protector manual,0,0.0,1286
251,69892766475470,Ad4-ASIN Related black&grey,1,1,1,1,1,1,1,1,25.99,25.99,25.99,25.99,25.99,25.99,25.99,25.99,1,1,1,1,192520205291280,10000 PD Manual,12,20.67,6390
252,228755989050136,PD travel adapter broad,0,0,0,0,0,0,0,0,0.0,0.0,0.0,0.0,0.0,0.0,0.0,0.0,0,0,0,0,152725126983161,PD travel adapter manual,1,2.41,971
253,127817446111455,lightning 6ft blue fixed,8,5,6,4,8,5,7,4,140.92,89.95,105.94,71.96,140.92,89.95,122.93,71.96,8,6,8,7,104274635796354,lightning cable fixed,38,110.08,97070
254,88681383310756,Black-0304,7,5,6,4,7,5,7,5,193.93,129.95,167.94,103.96,193.93,129.95,193.93,129.95,7,6,7,7,76978955109022,10000 PD Exact,54,113.1,34716
255,272320232469401,Search Bar Keywords - Exact,0,0,0,0,0,0,0,0,0.0,0.0,0.0,0.0,0.0,0.0,0.0,0.0,0,0,0,0,114165613447581,Surge Protector Manual,0,0.0,80
256,89819086713937,Auto,0,0,0,0,0,0,0,0,0.0,0.0,0.0,0.0,0.0,0.0,0.0,0.0,0,0,0,0,48282036743189,Type C  qinghuo - Auto,1,0.72,3353
257,56365289211702,5000 mah auto,0,0,0,0,0,0,0,0,0.0,0.0,0.0,0.0,0.0,0.0,0.0,0.0,0,0,0,0,139951218417827,5000 mah portable charger pd auto,3,2.58,13556
258,17403523105890,Order keywords - Exact,0,0,0,0,0,0,0,0,0.0,0.0,0.0,0.0,0.0,0.0,0.0,0.0,0,0,0,0,114165613447581,Surge Protector Manual,1,2.48,1086
259,142113681030053,Search Bar Keyword - Exact,0,0,0,0,0,0,0,0,0.0,0.0,0.0,0.0,0.0,0.0,0.0,0.0,0,0,0,0,184186402061279,48W 5 Port usb charger Manual,1,2.17,1640
260,134067262965645,"PD travel adapter broad (hp, fc, qc)",0,0,0,0,0,0,0,0,0.0,0.0,0.0,0.0,0.0,0.0,0.0,0.0,0,0,0,0,152725126983161,PD travel adapter manual,0,0.0,0
261,73957327305868,Ad5-ASIN pink,0,0,0,0,0,0,0,0,0.0,0.0,0.0,0.0,0.0,0.0,0.0,0.0,0,0,0,0,192520205291280,10000 PD Manual,0,0.0,0
262,139037048328467,model phone + charger/cable/cord,1,1,1,1,1,1,1,1,10.99,10.99,10.99,10.99,10.99,10.99,10.99,10.99,1,1,1,1,239466965673944,type c 2 pack 6ft Manual,4,5.35,4092
263,243762924515518,main+capacity broad,0,0,0,0,0,0,0,0,0.0,0.0,0.0,0.0,0.0,0.0,0.0,0.0,0,0,0,0,192520205291280,10000 PD Manual,1,2.26,37
264,113046762701774,lightning 6ft 2pack blue fixed,1,1,1,1,1,1,1,1,27.99,27.99,27.99,27.99,27.99,27.99,27.99,27.99,1,1,1,1,104274635796354,lightning cable fixed,17,44.18,62467
265,157610875719156,usb c broad,2,2,1,1,2,2,2,2,51.98,51.98,25.99,25.99,51.98,51.98,51.98,51.98,2,1,2,2,192520205291280,10000 PD Manual,17,32.7,1199
266,18462994918793,SP Order keywords - Exact,0,0,0,0,0,0,0,0,0.0,0.0,0.0,0.0,0.0,0.0,0.0,0.0,0,0,0,0,114165613447581,Surge Protector Manual,0,0.0,74
267,245150395253208,main+modify broad,0,0,0,0,0,0,0,0,0.0,0.0,0.0,0.0,0.0,0.0,0.0,0.0,0,0,0,0,192520205291280,10000 PD Manual,7,13.17,2593
268,131385627812792,Main kw+adj,0,0,0,0,0,0,0,0,0.0,0.0,0.0,0.0,0.0,0.0,0.0,0.0,0,0,0,0,239466965673944,type c 2 pack 6ft Manual,1,1.47,1225
269,179992389989564,ARA Longtail Keywords - Broad,0,0,0,0,0,0,0,0,0.0,0.0,0.0,0.0,0.0,0.0,0.0,0.0,0,0,0,0,114165613447581,Surge Protector Manual,0,0.0,6
270,135851588597589,mode phone+charger cable/charging cord/phone charger,0,0,0,0,0,0,0,0,0.0,0.0,0.0,0.0,0.0,0.0,0.0,0.0,0,0,0,0,239466965673944,type c 2 pack 6ft Manual,6,8.47,5246
271,275611186060888,main+brand broad,1,1,0,0,1,1,1,1,25.99,25.99,0.0,0.0,25.99,25.99,25.99,25.99,1,0,1,1,192520205291280,10000 PD Manual,14,25.69,1734
272,258408721141784,Order Keywords - Exact -2,0,0,0,0,0,0,0,0,0.0,0.0,0.0,0.0,0.0,0.0,0.0,0.0,0,0,0,0,184186402061279,48W 5 Port usb charger Manual,1,0.8200000000000001,1379
273,276022193757104,Order keywords -Exact -3,0,0,0,0,0,0,0,0,0.0,0.0,0.0,0.0,0.0,0.0,0.0,0.0,0,0,0,0,184186402061279,48W 5 Port usb charger Manual,0,0.0,599
274,223519526542680,Order keywords - Exact -1,2,2,1,1,2,2,2,2,51.98,51.98,25.99,25.99,51.98,51.98,51.98,51.98,2,1,2,2,184186402061279,48W 5 Port usb charger Manual,19,18.79,9043
275,35546962066426,BH Order Keywords - Exact,0,0,0,0,0,0,0,0,0.0,0.0,0.0,0.0,0.0,0.0,0.0,0.0,0,0,0,0,159872187362539,S1 Bluetooth Headphone - Manual,1,0.66,211
276,13352147391167,BH Order Keywords -2 - Exact,0,0,0,0,0,0,0,0,0.0,0.0,0.0,0.0,0.0,0.0,0.0,0.0,0,0,0,0,159872187362539,S1 Bluetooth Headphone - Manual,0,0.0,16
277,200861350177011,Ads1- main keywords broad,0,0,0,0,0,0,0,0,0.0,0.0,0.0,0.0,0.0,0.0,0.0,0.0,0,0,0,0,111233738707739,5000 PD manual,24,44.16,21481
278,210795425652222,Main KW,0,0,0,0,0,0,0,0,0.0,0.0,0.0,0.0,0.0,0.0,0.0,0.0,0,0,0,0,37920980660514,Lightning Aluminum 10ft Manual,0,0.0,0
279,230175505838909,Auto,0,0,0,0,0,0,0,0,0.0,0.0,0.0,0.0,0.0,0.0,0.0,0.0,0,0,0,0,59665422865214,S1 Bluetooth headphone - Auto,0,0.0,5
280,187069138253087,BH Order Keywords -1 - Exact,0,0,0,0,0,0,0,0,0.0,0.0,0.0,0.0,0.0,0.0,0.0,0.0,0,0,0,0,159872187362539,S1 Bluetooth Headphone - Manual,0,0.0,215
281,233072677404492,20190402,0,0,0,0,0,0,0,0,0.0,0.0,0.0,0.0,0.0,0.0,0.0,0.0,0,0,0,0,155460604423172,Lightning Aluminum 10ft Auto,0,0.0,0
282,60965472241703,lightning cable,0,0,0,0,0,0,0,0,0.0,0.0,0.0,0.0,0.0,0.0,0.0,0.0,0,0,0,0,37920980660514,Lightning Aluminum 10ft Manual,0,0.0,0
283,204631972113516,apple cable / apple cord,0,0,0,0,0,0,0,0,0.0,0.0,0.0,0.0,0.0,0.0,0.0,0.0,0,0,0,0,37920980660514,Lightning Aluminum 10ft Manual,0,0.0,0
284,149059899358752,iphone charger,0,0,0,0,0,0,0,0,0.0,0.0,0.0,0.0,0.0,0.0,0.0,0.0,0,0,0,0,37920980660514,Lightning Aluminum 10ft Manual,0,0.0,0
285,12498849272646,iphone cable / iphone cord,0,0,0,0,0,0,0,0,0.0,0.0,0.0,0.0,0.0,0.0,0.0,0.0,0,0,0,0,37920980660514,Lightning Aluminum 10ft Manual,0,0.0,0
286,246230099395701,ASIN List,0,0,0,0,0,0,0,0,0.0,0.0,0.0,0.0,0.0,0.0,0.0,0.0,0,0,0,0,114165613447581,Surge Protector Manual,0,0.0,0
287,57257904165108,20190410-1 pack,0,0,0,0,0,0,0,0,0.0,0.0,0.0,0.0,0.0,0.0,0.0,0.0,0,0,0,0,89098917486671,Lightning Aluminum 6ft 1/2 pack auto,0,0.0,0
288,169082269935757,ARA S1 - Broad,0,0,0,0,0,0,0,0,0.0,0.0,0.0,0.0,0.0,0.0,0.0,0.0,0,0,0,0,159872187362539,S1 Bluetooth Headphone - Manual,0,0.0,0
289,252913036573073,3350-BA-broad,0,0,0,0,0,0,0,0,0.0,0.0,0.0,0.0,0.0,0.0,0.0,0.0,0,0,0,0,54846112529957,3350 Portable charger manual,0,0.0,0
290,265179859958016,pink portable charger,0,0,0,0,0,0,0,0,0.0,0.0,0.0,0.0,0.0,0.0,0.0,0.0,0,0,0,0,76978955109022,10000 PD Exact,0,0.0,0
291,222452277321115,20190411-2 pack,0,0,0,0,0,0,0,0,0.0,0.0,0.0,0.0,0.0,0.0,0.0,0.0,0,0,0,0,89098917486671,Lightning Aluminum 6ft 1/2 pack auto,0,0.0,0
292,105098691174808,S1 Main Keywords - Exact,0,0,0,0,0,0,0,0,0.0,0.0,0.0,0.0,0.0,0.0,0.0,0.0,0,0,0,0,159872187362539,S1 Bluetooth Headphone - Manual,0,0.0,0
